## ğŸ“ SQL (Structured Query Language)

### DCL (Data Control Language)
- grant 
- revoke
- deny

### DDL (Data Definition Language) ë°ì´í„° ì •ì˜ì–´
- create
- alter
- drop
- rename
- truncate

### DML (Data Manipulation Language) ë°ì´í„° ì¡°ì‘ì–´
- create
- select
- update
- delete

### TCL (Transaction Control Language) íŠ¸ëœì­ì…˜ ì œì–´ì–´
- begin transaction
- commit
- rollback
- savepoint

begin transactionì„ í•˜ê³  commití•˜ë©´ ë””ìŠ¤í¬ì— ì“°ê³  ë©”ëª¨ë¦¬ì—ë§Œ ìˆë˜ íŠ¸ëœì­ì…˜ì„ commit í•˜ë©´ ë””ìŠ¤í¬ì— ì“°ê³  rollbackí•˜ë©´ ë©”ëª¨ë¦¬ë¥¼ ë¹„ì›€.

savepointëŠ” íŠ¸ëœì­ì…˜ ì‹œì‘í•˜ëŠ” í¬ì¸íŠ¸ë¥¼ ì¤€ë‹¤.


### DB, User ìƒì„±

#### ì ‘ì†í•˜ê¸°

```
$> docker start mysql5
$> docker exec -it mysql5 bash
// ìš°ë¦¬ëŠ” mydeal serverì—ì„œ í•  ê²ƒ.
#> mysql -u <user> -p
# example
#> mysql -u root -p
#> mysql -u mydeal -p
mysql> show databases;
mysql> use testdb;
Reading table information for completion of table and column names
You can turn off this feature to get a quicker startup with -A

Database changed
mysql> show tables;
+------------------+
| Tables_in_testdb |
+------------------+
| Dept             |
| Emp              |
+------------------+
2 rows in set (0.00 sec)

mysql> desc Dept;
+-------+------------------+------+-----+---------+----------------+
| Field | Type             | Null | Key | Default | Extra          |
+-------+------------------+------+-----+---------+----------------+
| id    | tinyint unsigned | NO   | PRI | NULL    | auto_increment |
| pid   | tinyint unsigned | NO   |     | 0       |                |
| dname | varchar(31)      | NO   |     | NULL    |                |
+-------+------------------+------+-----+---------+----------------+
3 rows in set (0.00 sec)

mysql> desc Emp;
+--------+------------------+------+-----+---------+----------------+
| Field  | Type             | Null | Key | Default | Extra          |
+--------+------------------+------+-----+---------+----------------+
| id     | int unsigned     | NO   | PRI | NULL    | auto_increment |
| ename  | varchar(31)      | NO   |     | NULL    |                |
| dept   | tinyint unsigned | NO   | MUL | NULL    |                |
| salary | int              | NO   |     | 0       |                |
+--------+------------------+------+-----+---------+----------------+
4 rows in set (0.00 sec)

mysql> show create table Emp;
+-------+------------------------------------------------------------------------------------------------------------------------------------------------------------------------------------------------------------------------------------------------------------------------------------------------------------------------------------------------------------------------------------------------------------------+
| Table | Create Table                                                                                                                                                                                                                                                                                                                                                                                                     |
+-------+------------------------------------------------------------------------------------------------------------------------------------------------------------------------------------------------------------------------------------------------------------------------------------------------------------------------------------------------------------------------------------------------------------------+
| Emp   | CREATE TABLE `Emp` (
  `id` int unsigned NOT NULL AUTO_INCREMENT,
  `ename` varchar(31) COLLATE utf8mb4_unicode_ci NOT NULL,
  `dept` tinyint unsigned NOT NULL,
  `salary` int NOT NULL DEFAULT '0',
  PRIMARY KEY (`id`),
  KEY `dept` (`dept`),
  CONSTRAINT `Emp_ibfk_1` FOREIGN KEY (`dept`) REFERENCES `Dept` (`id`)
) ENGINE=InnoDB AUTO_INCREMENT=251 DEFAULT CHARSET=utf8mb4 COLLATE=utf8mb4_unicode_ci |
+-------+------------------------------------------------------------------------------------------------------------------------------------------------------------------------------------------------------------------------------------------------------------------------------------------------------------------------------------------------------------------------------------------------------------------+
1 row in set (0.02 sec)

mysql> show index from Emp;
+-------+------------+----------+--------------+-------------+-----------+-------------+----------+--------+------+------------+---------+---------------+---------+------------+
| Table | Non_unique | Key_name | Seq_in_index | Column_name | Collation | Cardinality | Sub_part | Packed | Null | Index_type | Comment | Index_comment | Visible | Expression |
+-------+------------+----------+--------------+-------------+-----------+-------------+----------+--------+------+------------+---------+---------------+---------+------------+
| Emp   |          0 | PRIMARY  |            1 | id          | A         |         250 |     NULL |   NULL |      | BTREE      |         |               | YES     | NULL       |
| Emp   |          1 | dept     |            1 | dept        | A         |           5 |     NULL |   NULL |      | BTREE      |         |               | YES     | NULL       |
+-------+------------+----------+--------------+-------------+-----------+-------------+----------+--------+------+------------+---------+---------------+---------+------------+
2 rows in set (0.02 sec)
```

**mysqlì˜ indexëŠ” ëª¨ë‘ binary treeì´ë‹¤.**

#### DB ìƒì„±í•˜ê¸°

#### DB ì‚­ì œí•˜ê¸°

#### User + Host ìƒì„±í•˜ê¸°

```
# User ìƒì„±
mysql> create user <user-name>@'<host>' identified by '<password>';
mysql> create user dooo@'%' identified by 'dooo!';
mysql> create user dooo@'211.234.55.66' identified by 'dooo!';
# ê¶Œí•œ ë¶€ì—¬
mysql> grant all privileges on *.* to '<user-name>'@'<host>';
mysql> grant all privileges on *.* to 'dooo'@'%';
// ì ‘ì† í˜¸ìŠ¤íŠ¸ê°€ %ì´ë©´ ì–´ëŠ ipë“  ì ‘ì† ê°€ëŠ¥. íŠ¹ì • ipë§Œ ì ‘ì†í•˜ê²Œ í•˜ê³  ì‹¶ìœ¼ë©´ ëª…ì‹œí•´ì¤„ ê²ƒ
# íŠ¹ì • DB ê¶Œí•œ ë¶€ì—¬
mysql> grant all privileges on <DB>.* to '<user-name>'@'<host>';
mysql> grant all privileges on dooodb.* to 'dooo'@'%';
// rootì˜ ê²½ìš° %ì— ê¶Œí•œ ë¶€ì—¬í•˜ì§€ ë§ê³  íŠ¹ì • ipì—ë§Œ í•´ì£¼ëŠ” ê²Œ ì¢‹ìŒ

# ì ìš©í•˜ê¸°
mysql> flush privileges;

# ê¶Œí•œ í™•ì¸
mysql> show grants for '<user-name>'@'<host>';
mysql> show grants for dooo@'%';
mysql> show grants for dooo;
# ê¶Œí•œ ì‚­ì œ(ì·¨ì†Œ)
mysql> revoke all privileges on <db-name>.* from <user-name>@'<host>';
mysql> revoke all privileges on dooodb.* from dooo@'%';
# User ì‚­ì œ
mysql> drop user '<ì‚¬ìš©ì>'@'<host>';
mysql> drop user dooo@'%';
mysql> select current_user(); // í˜„ì¬ ì ‘ì†ëœ ìœ ì €ê°€ ëˆ„êµ¬ì¸ì§€ í™•ì¸ ê°€ëŠ¥
```

#### Table ìƒì„±
**Primary keyëŠ” ìŒìˆ˜ê°€ ë‚˜ì˜¬ ìˆ˜ ì—†ê¸° ë•Œë¬¸ì— unsginedë¥¼ ê±¸ì–´ì£¼ëŠ” ê²Œ ì¢‹ìŒ.**

```
MySQL8 Document to create Table
CREATE TABLE [IF NOT EXISTS] Student (
	id int unsigned not null auto_increment COMMENT 'í•™ë²ˆ',
	name varchar(31) not null COMMENT 'í•™ìƒëª…',
	createdate timestamp NOT NULL DEFAULT CURRENT_TIMESTAMP COMMENT 'ë“±ë¡ì¼ì‹œ',
	graduatedt varchar(10) DEFAULT NULL COMMENT 'ì¡¸ì—…ì¼',
	auth tinyint(1) unsigned NOT NULL DEFAULT '9' COMMENT '0:sys, 1:super, ...',
	â€¦,
	PRIMARY KEY (id),
	FOREIGN KEY <key-name>(col3)
       REFERENCES Tbl1(id) ON [DELETE|UPDATE] [CASCADE | SET NULL | NO ACTION | SET DEFAULT]
  	UNIQUE KEY unique_stu_id_name (createdate, name)
) ENGINE=InnoDB AUTO_INCREMENT=45 DEFAULT CHARSET=utf8;

desc Student;
```

```
create table Dept2 like Dept; // Deptì˜ êµ¬ì¡°ë§Œ ê°€ì ¸ì™€ì„œ create
create table Dept3 AS select * from Dept; // Deptì˜ êµ¬ì¡°ì™€ ë°ì´í„°ê¹Œì§€ ëª¨ë‘ ê°€ì ¸ì™€ì„œ create

create table Emp2 AS select * from Emp;
// ì´ ê²½ìš°ëŠ” ì¸ë±ìŠ¤, primary key ë“±ì€ ë³µì‚¬ë˜ì§€ ì•Šìœ¼ë¯€ë¡œ ë”°ë¡œ ë§Œë“¤ì–´ ì¤˜ì•¼ í•¨. 
```